{
  "method": "balanced_minmax",
  "epochs": 50,
  "final_loss": 0.663835219379996,
  "avg_grad_cosine": 0.00018156870467730659,
  "final_yolo_conf": 0.6693111788658869,
  "final_detr_conf": 0.6980124023293152,
  "loss_history": [
    0.7144759787994177,
    0.7066179501767061,
    0.6963878359113421,
    0.693980953320354,
    0.6921943730237533,
    0.688782694388409,
    0.6870498377449659,
    0.6854299951572808,
    0.6815382911234485,
    0.6780729650640164,
    0.6752795114809153,
    0.6749812109129769,
    0.6748586982285896,
    0.6723327393434486,
    0.671229173942488,
    0.6682083128260917,
    0.668942763286383,
    0.6701085153891115,
    0.6687177484538279,
    0.6680292892618244,
    0.667659284711695,
    0.666227518701229,
    0.666653209397582,
    0.6660002530837545,
    0.6656130828014036,
    0.6650650217419579,
    0.6669101305559378,
    0.6662303420151172,
    0.6645157316915032,
    0.6635628667007498,
    0.6660802591414678,
    0.6640646145457313,
    0.6637164147532716,
    0.6664840530376045,
    0.6653209186735607,
    0.6648254139082772,
    0.6661177127539706,
    0.6665018387392264,
    0.6652301764812599,
    0.6634596387545267,
    0.6638651944342113,
    0.6647057808986326,
    0.6645391968642773,
    0.6657763261373352,
    0.6627666447438351,
    0.6636714927193259,
    0.6628029159948129,
    0.6637200579351309,
    0.6625074156287576,
    0.663835219379996
  ],
  "cos_history": [
    0.00016428145087406444,
    4.480714500100878e-05,
    0.0001084122561335288,
    0.000193015515640359,
    0.0003111019063159684,
    0.00022124311527186612,
    0.0001993015723807427,
    0.00021382402445523855,
    0.00019047380865850092,
    -2.1201752298068078e-05,
    0.0003676616419892723,
    0.00023125733129504347,
    0.00023372209308487616,
    0.00018672683484813508,
    5.022760220885682e-05,
    0.00023067309648839147,
    0.0002996014088109535,
    6.374273717254527e-05,
    0.00014953964121491636,
    0.00027961676986254497,
    -4.5930901590317366e-05,
    0.00022601528216167639,
    -2.8962822368473044e-05,
    0.00025754038408417636,
    0.0001577917294631012,
    2.8991398568261973e-05,
    7.435959183926168e-05,
    0.00037788412066257313,
    2.1194278320565275e-05,
    0.0002358075763992997,
    0.00010555247324506981,
    0.00027138941450484833,
    7.599689730452564e-05,
    -1.3076966278196381e-05,
    0.0002850842025831063,
    0.00021826821157818052,
    0.0003823720990520978,
    0.00034886553050430657,
    0.00010050906689158882,
    0.00023087376765677147,
    4.746793395305863e-05,
    0.0002276170552701477,
    0.00021632489867387246,
    0.00023385286047067938,
    0.00020284561169999778,
    0.00018267703219732669,
    0.00030727294049159225,
    0.0001458641791391126,
    8.529815404100952e-05,
    0.00040066103393736227
  ],
  "yolo_conf_history": [
    0.6871488479327182,
    0.6863925663792357,
    0.6847984768298208,
    0.6843347858409492,
    0.6833614402887772,
    0.6829928248512501,
    0.6817493956916186,
    0.6811660112572365,
    0.6796695811002433,
    0.6781216983487006,
    0.6774748028338361,
    0.676808298850546,
    0.676023734670107,
    0.6750213661161409,
    0.674369606395968,
    0.6734746177991231,
    0.6734877321590371,
    0.6735865592348332,
    0.6730657686587094,
    0.6727048378006941,
    0.6725851507819429,
    0.6723431351436239,
    0.6717206898797937,
    0.671077111363411,
    0.6714040279996638,
    0.6713001885178949,
    0.6712522520702713,
    0.6712259301320225,
    0.6707152760758692,
    0.6704596986576002,
    0.6703727565452355,
    0.6709017665613265,
    0.6706342043925305,
    0.6710933112165555,
    0.6706277117234509,
    0.6705116518095237,
    0.67043687837059,
    0.6703980221229345,
    0.6708304818390178,
    0.6703916856423527,
    0.6702451402232761,
    0.6701084228599964,
    0.6704666116813414,
    0.670587583078819,
    0.6699628095440313,
    0.6698586430071163,
    0.6696355892890165,
    0.670049451686898,
    0.6699238028250584,
    0.6693111788658869
  ],
  "detr_conf_history": [
    0.7608859242630653,
    0.7521473034709489,
    0.7429709889045378,
    0.7385974131271141,
    0.7354623725219649,
    0.7330756890733225,
    0.7291329522724865,
    0.7262951203349496,
    0.7217350855165598,
    0.7179401815343065,
    0.714932958143098,
    0.7145358764395422,
    0.7128039863644814,
    0.7110100252693202,
    0.7088532534789066,
    0.7061165794628818,
    0.7064620776646803,
    0.7059486308065401,
    0.7054119295408937,
    0.7052234234250322,
    0.7041539138068958,
    0.7027108831875989,
    0.7021150587772836,
    0.7010074298600761,
    0.7016650994618734,
    0.7004062764498652,
    0.7018151224064989,
    0.701742081252896,
    0.7008109300314974,
    0.6993640452420631,
    0.7005214242302642,
    0.70127720279353,
    0.7001608793832818,
    0.7010126902132618,
    0.7001690645809887,
    0.6997841667358567,
    0.7009428106603168,
    0.7017891832760402,
    0.7007631604566055,
    0.6996948493783977,
    0.7004892656997759,
    0.700683520744447,
    0.7014879274530476,
    0.7009408616492537,
    0.6988128639808318,
    0.6988569760403666,
    0.6979801249139163,
    0.699716389422514,
    0.698738017597166,
    0.6980124023293152
  ]
}