{
  "method": "balanced_weighted",
  "epochs": 50,
  "final_loss": 0.6433275751516122,
  "avg_grad_cosine": 8.536788119600302e-06,
  "final_yolo_conf": 0.6709996116201894,
  "final_detr_conf": 0.6777207125814594,
  "loss_history": [
    0.6881391479044544,
    0.6810171064876375,
    0.6756566320957781,
    0.6703995218893297,
    0.6665542616325171,
    0.6638693833837703,
    0.6616667614502161,
    0.659007600781058,
    0.658909966345547,
    0.6555318844561674,
    0.6552099107074089,
    0.6534343532153538,
    0.6516273058190638,
    0.6505294867924282,
    0.6482947184925988,
    0.6499028359951616,
    0.6482166874976385,
    0.6471008853036531,
    0.6456953449314143,
    0.6454879102252778,
    0.64756238055067,
    0.646091293720972,
    0.6464010651419763,
    0.6458481675913544,
    0.6454955967916113,
    0.6466729121954262,
    0.6454421581865168,
    0.6453901517147921,
    0.644866672502894,
    0.6435848142014069,
    0.6431648504166376,
    0.643141030859785,
    0.6424770797191023,
    0.6417293856744053,
    0.6422418976316646,
    0.6429849064269033,
    0.643080114101877,
    0.6429373820622762,
    0.6421605587816562,
    0.6415353170057543,
    0.6418118241692887,
    0.6414603546363156,
    0.6414446319852557,
    0.6435747393945448,
    0.6406356505796212,
    0.6411017029463839,
    0.6409917262946667,
    0.6416280322334393,
    0.6411546436296839,
    0.6433275751516122
  ],
  "cos_history": [
    1.888629110933117e-05,
    -2.5907870158149235e-05,
    -0.0002037459952051143,
    3.217539088669879e-05,
    -4.520880151064876e-05,
    -2.251867502674359e-05,
    -7.571506876604185e-05,
    -0.0001183850069989238,
    -8.876313984320423e-05,
    -1.8084357562118533e-05,
    0.0003011318744561353,
    7.472498546616605e-05,
    -7.010681931243031e-06,
    -0.00017303459566651977,
    -9.441790604060294e-05,
    -0.00013540948189353115,
    -0.00013534984434360867,
    -0.0001874481071638843,
    -1.2265950880689724e-05,
    0.0002616393807911168,
    6.904424618387937e-06,
    -7.944344313257709e-05,
    7.62970479590134e-05,
    0.0001507418352976318,
    -1.1938150592392221e-05,
    5.102820963112536e-05,
    -4.4181742959815797e-05,
    6.765260317182283e-05,
    7.826833233698968e-05,
    -6.981622546493094e-05,
    5.1320551022579165e-05,
    -0.00018044746524240935,
    0.00013438368109838886,
    -0.00014303139926466558,
    0.00012543035709128089,
    -0.00012003062204830032,
    0.00018369207527630228,
    0.00011147535915370099,
    -0.00019067495411042548,
    5.70640356959395e-05,
    9.79804242232523e-05,
    0.0001258539197917752,
    -5.1374872720746486e-05,
    0.00010198250357604104,
    0.00016629975525203768,
    0.00013064695240555134,
    0.00014465559128142076,
    3.7716301859928244e-05,
    -1.0943316787617523e-05,
    8.403519784230232e-05
  ],
  "yolo_conf_history": [
    0.672495313120537,
    0.6717306508296201,
    0.6719407234467617,
    0.6716328950560823,
    0.6719080231019429,
    0.6720125818130921,
    0.6723348329870068,
    0.6717588679928358,
    0.6722314824052409,
    0.672166613352542,
    0.6724190234732466,
    0.6724277423352611,
    0.6721755605773861,
    0.671986769960851,
    0.6719080927217899,
    0.6721447951736904,
    0.6718456124570094,
    0.6718823312496652,
    0.6717733562803593,
    0.6714520570574974,
    0.6719126312911105,
    0.67169745483366,
    0.6716059501682009,
    0.6720191481162091,
    0.6718010835501612,
    0.6717619482351809,
    0.6717750384491317,
    0.6716934899894559,
    0.6713993745393494,
    0.6717309880418842,
    0.6721537529408527,
    0.6720222550387285,
    0.6716529790641499,
    0.6711844700534327,
    0.6713206845075905,
    0.6710831115643183,
    0.6713832673572359,
    0.6712340803981638,
    0.6709056371531519,
    0.670978650349338,
    0.6712784591175261,
    0.6709125414997542,
    0.6712488323044614,
    0.6713710048166263,
    0.6710984038657882,
    0.6706099525600875,
    0.6705690875953557,
    0.6707868903469877,
    0.6711349094197864,
    0.6709996116201894
  ],
  "detr_conf_history": [
    0.7615150711974319,
    0.7490381697610933,
    0.7369327910497886,
    0.7283276282402934,
    0.7208080067926523,
    0.7157392683280569,
    0.7131936894387615,
    0.7060248061710475,
    0.7042331845176463,
    0.7030816186042059,
    0.6986956644220417,
    0.6964664553197063,
    0.6934763069460992,
    0.6903219852723232,
    0.6891026681884617,
    0.689428919665262,
    0.6875496325444203,
    0.6865716928324732,
    0.6834571270006043,
    0.6838633159897766,
    0.6854820169660509,
    0.6842256589203465,
    0.6834104994628705,
    0.6824363090452694,
    0.6810503556513462,
    0.6842324057606612,
    0.6826094274111345,
    0.6821771847046152,
    0.6799439654565181,
    0.6789270010833838,
    0.6777311528722445,
    0.6787618996740199,
    0.6762805086313461,
    0.6751805160726819,
    0.6783428374399133,
    0.6768820146010035,
    0.6785621106117761,
    0.678976775989646,
    0.6779433312160629,
    0.6756988404153966,
    0.6755510013221072,
    0.6765367054310786,
    0.6750247074227754,
    0.6764773999043062,
    0.6741355820172498,
    0.6746062245904183,
    0.6749212274543283,
    0.6741491478012532,
    0.6758776318560652,
    0.6777207125814594
  ]
}